mlp,idserie,0,forecast,26.32711690257239
mlp,idserie,1,forecast,22.857389621186474
mlp,idserie,2,forecast,26.35263681655347
