lstm,idserie,0,forecast,22.66318384816695
lstm,idserie,1,forecast,21.8891998264432
lstm,idserie,2,forecast,23.54345262390783
