series,attrib,fcast_50,fcast_avg,fcast_05,fcast_95,true,yar,yhw,ysvm,ylstm,ymlp,yrf,yxgb,yarima
0,rfAR,20.329992629297678,23.124863502330882,11.553869961639313,41.290308464575936,23,19.870651165486287,22.16144759962311,21.84194510915852,21.03767456503154,19.162937630361636,29.14951133163431,34.04389734393154,16.767394769076663
1,rfAR,22.545118572524803,22.88685405794221,15.509091312569671,30.630205737155798,21,22.000000000000004,21.78746352517735,21.69593838914068,21.851373303185945,20.976210260577638,22.024576285172344,22.012719158126398,23.27233915934222
2,rfAR,24.220367854672727,27.13427197929782,13.146882145219875,52.149762386362944,25,24.920820131155377,24.33976738426602,25.373304342978777,25.530408650503755,24.676712530822304,32.810879664469375,38.67820307667034,23.212724851547694
3,rfAR,20.43976438346306,21.345864311809912,10.373860252356138,35.03205899578981,18,18.74774696523961,19.692295724347055,20.148893998505454,19.091762612827615,20.77933681565794,23.10977304078635,24.868369073765955,22.134074700652985
